<?xml version="1.0" encoding="UTF-8"?>
<beans xmlns="http://www.springframework.org/schema/beans"
	xmlns:xsi="http://www.w3.org/2001/XMLSchema-instance" xmlns:p="http://www.springframework.org/schema/p"
	xmlns:context="http://www.springframework.org/schema/context"
	xmlns:aop="http://www.springframework.org/schema/aop"
	xsi:schemaLocation="
        http://www.springframework.org/schema/beans
        http://www.springframework.org/schema/beans/spring-beans.xsd
        http://www.springframework.org/schema/context
        http://www.springframework.org/schema/context/spring-context.xsd
        http://www.springframework.org/schema/aop
        http://www.springframework.org/schema/aop/spring-aop.xsd">

	<!-- dao 实例 -->

	<bean id="userService" class="com.itmayiedu.service.UserService"></bean>
	<!-- 切面类 -->
	<bean id="aop" class="com.itmayiedu.aop2.AopLog2"></bean>
	<!-- Aop配置 -->
	<aop:config>
		<!-- 定义一个切入点表达式： 拦截哪些方法 -->
		<aop:pointcut expression="execution(* com.itmayiedu.service.UserService.*(..))"
			id="pt" />
		<!-- 切面 -->
		<aop:aspect ref="aop">
			<!-- 环绕通知 -->
			<aop:around method="around" pointcut-ref="pt" />
			<!-- 前置通知： 在目标方法调用前执行 -->
			<aop:before method="begin" pointcut-ref="pt" />
			<!-- 后置通知： -->
			<aop:after method="after" pointcut-ref="pt" />
			<!-- 返回后通知 -->
			<aop:after-returning method="afterReturning"
				pointcut-ref="pt" />
			<!-- 异常通知 -->
			<aop:after-throwing method="afterThrowing"
				pointcut-ref="pt" />
		</aop:aspect>
	</aop:config>

</beans>
